タイトル,投稿日,再生数,高評価,コメント数,取得日
【#1】私にはアイドルしかなかった。【金澤亜美ドキュメンタリー】,2025-12-12,8379,551,74,2025-12-13
すーフェアリー×ここなフェアリー🧚✨,2025-12-11,7529,498,16,2025-12-13
あみフェアリー × すーフェアリー🧚✨,2025-12-10,10527,609,19,2025-12-13
【ASMR】あなたの耳を癒します ♪  長谷川稀未がASMRに挑戦 !【睡眠導入】,2025-12-09,17513,1071,84,2025-12-13
ひとみんフェアリー🧚✨,2025-12-09,9438,595,14,2025-12-13
すーフェアリー🧚✨,2025-12-08,9086,586,22,2025-12-13
特典映像 「7thシングル発売記念！青空組 vs 雲組 セブンバトル」ダイジェスト,2025-12-06,11697,486,62,2025-12-13
【#14】僕青青春学園！放課後は楽しまナイト！【12月5日放送アーカイブ】,2025-12-06,17360,555,46,2025-12-13
ここなフェアリー 🧚✨,2025-12-04,13972,626,19,2025-12-13
あみフェアリー🧚 ✨,2025-12-03,20835,854,25,2025-12-13
僕が見たかった青空 / 「虹を架けよう」LIVE ver.（「あれはフェアリー」＜僕青LIVE盤＞収録）,2025-12-02,9418,558,31,2025-12-13
僕が見たかった青空 /「青空について考える」2025 パフォーマンスビデオ,2025-11-30,48864,2223,328,2025-12-13
『僕青クリスマス2025』 クリスマススペシャルメニュー試作品を作ってみた！🎄🧑🏻‍🎄 【チキンライス】,2025-11-29,11782,628,96,2025-12-13
【#13】僕青青春学園！放課後は楽しまナイト！【11月28日放送アーカイブ】,2025-11-29,16059,501,70,2025-12-13
僕が見たかった青空 / 「視線のラブレター」LIVE ver.（「あれはフェアリー」＜僕青LIVE盤＞収録）,2025-11-27,12752,643,44,2025-12-13
7th SINGLE 雲組楽曲「カイロに月」🌙  Music Video 公開中！✨,2025-11-24,18764,788,19,2025-12-13
僕が見たかった青空 雲組単独公演 #23 【ダイジェスト】,2025-11-24,8356,457,41,2025-12-13
僕が見たかった青空 / 「カイロに月」Music Video【4K】,2025-11-24,65355,2160,310,2025-12-13
【対決】運動神経抜群 “岩本” VS 運動が苦手な“宮腰” 陸上競技4番勝負 🔥【助っ人登場】,2025-11-23,22853,1003,131,2025-12-13
【#15】僕青青春学園！放課後は楽しまナイト！【12月12日放送アーカイブ】,2025-12-13,10399,410,34,2025-12-14
【#1】私にはアイドルしかなかった。【金澤亜美ドキュメンタリー】,2025-12-12,12052,672,82,2025-12-14
すーフェアリー×ここなフェアリー🧚✨,2025-12-11,8150,522,17,2025-12-14
あみフェアリー × すーフェアリー🧚✨,2025-12-10,11178,638,19,2025-12-14
【ASMR】あなたの耳を癒します ♪  長谷川稀未がASMRに挑戦 !【睡眠導入】,2025-12-09,19178,1122,88,2025-12-14
ひとみんフェアリー🧚✨,2025-12-09,9808,607,14,2025-12-14
すーフェアリー🧚✨,2025-12-08,9340,590,23,2025-12-14
特典映像 「7thシングル発売記念！青空組 vs 雲組 セブンバトル」ダイジェスト,2025-12-06,11980,491,62,2025-12-14
【#14】僕青青春学園！放課後は楽しまナイト！【12月5日放送アーカイブ】,2025-12-06,17753,558,46,2025-12-14
ここなフェアリー 🧚✨,2025-12-04,14091,630,19,2025-12-14
あみフェアリー🧚 ✨,2025-12-03,20962,857,25,2025-12-14
僕が見たかった青空 / 「虹を架けよう」LIVE ver.（「あれはフェアリー」＜僕青LIVE盤＞収録）,2025-12-02,9579,559,31,2025-12-14
僕が見たかった青空 /「青空について考える」2025 パフォーマンスビデオ,2025-11-30,50158,2235,328,2025-12-14
『僕青クリスマス2025』 クリスマススペシャルメニュー試作品を作ってみた！🎄🧑🏻‍🎄 【チキンライス】,2025-11-29,11916,631,96,2025-12-14
【#13】僕青青春学園！放課後は楽しまナイト！【11月28日放送アーカイブ】,2025-11-29,16223,502,70,2025-12-14
僕が見たかった青空 / 「視線のラブレター」LIVE ver.（「あれはフェアリー」＜僕青LIVE盤＞収録）,2025-11-27,12931,643,44,2025-12-14
7th SINGLE 雲組楽曲「カイロに月」🌙  Music Video 公開中！✨,2025-11-24,18915,791,19,2025-12-14
僕が見たかった青空 雲組単独公演 #23 【ダイジェスト】,2025-11-24,8399,457,41,2025-12-14
僕が見たかった青空 / 「カイロに月」Music Video【4K】,2025-11-24,66650,2168,311,2025-12-14
【対決】運動神経抜群 “岩本” VS 運動が苦手な“宮腰” 陸上競技4番勝負 🔥【助っ人登場】,2025-11-23,23032,1001,130,2025-12-14
【ダイジェスト】7th SINGLE「あれはフェアリー」僕青全国フリーライブ 【大阪】,2025-12-14,7916,670,60,2025-12-15
【#15】僕青青春学園！放課後は楽しまナイト！【12月12日放送アーカイブ】,2025-12-13,13693,461,46,2025-12-15
【#1】私にはアイドルしかなかった。【金澤亜美ドキュメンタリー】,2025-12-12,13862,778,83,2025-12-15
すーフェアリー×ここなフェアリー🧚✨,2025-12-11,8660,544,17,2025-12-15
あみフェアリー × すーフェアリー🧚✨,2025-12-10,11675,655,19,2025-12-15
【ASMR】あなたの耳を癒します ♪  長谷川稀未がASMRに挑戦 !【睡眠導入】,2025-12-09,20910,1176,94,2025-12-15
ひとみんフェアリー🧚✨,2025-12-09,10140,620,14,2025-12-15
すーフェアリー🧚✨,2025-12-08,9593,598,23,2025-12-15
特典映像 「7thシングル発売記念！青空組 vs 雲組 セブンバトル」ダイジェスト,2025-12-06,12183,495,62,2025-12-15
【#14】僕青青春学園！放課後は楽しまナイト！【12月5日放送アーカイブ】,2025-12-06,18092,561,47,2025-12-15
ここなフェアリー 🧚✨,2025-12-04,14212,632,19,2025-12-15
あみフェアリー🧚 ✨,2025-12-03,21122,859,25,2025-12-15
僕が見たかった青空 / 「虹を架けよう」LIVE ver.（「あれはフェアリー」＜僕青LIVE盤＞収録）,2025-12-02,9847,559,31,2025-12-15
僕が見たかった青空 /「青空について考える」2025 パフォーマンスビデオ,2025-11-30,51317,2248,329,2025-12-15
『僕青クリスマス2025』 クリスマススペシャルメニュー試作品を作ってみた！🎄🧑🏻‍🎄 【チキンライス】,2025-11-29,12081,634,96,2025-12-15
【#13】僕青青春学園！放課後は楽しまナイト！【11月28日放送アーカイブ】,2025-11-29,16386,502,70,2025-12-15
僕が見たかった青空 / 「視線のラブレター」LIVE ver.（「あれはフェアリー」＜僕青LIVE盤＞収録）,2025-11-27,13141,647,44,2025-12-15
7th SINGLE 雲組楽曲「カイロに月」🌙  Music Video 公開中！✨,2025-11-24,19041,793,19,2025-12-15
僕が見たかった青空 雲組単独公演 #23 【ダイジェスト】,2025-11-24,8437,457,41,2025-12-15
僕が見たかった青空 / 「カイロに月」Music Video【4K】,2025-11-24,67960,2180,312,2025-12-15
僕が見たかった青空 / 「あれはフェアリー」Official Dance Practice 【4K】,2025-12-15,8157,690,91,2025-12-16
【ダイジェスト】7th SINGLE「あれはフェアリー」僕青全国フリーライブ 【大阪】,2025-12-14,12413,818,74,2025-12-16
【#15】僕青青春学園！放課後は楽しまナイト！【12月12日放送アーカイブ】,2025-12-13,15048,478,49,2025-12-16
【#1】私にはアイドルしかなかった。【金澤亜美ドキュメンタリー】,2025-12-12,14779,813,85,2025-12-16
すーフェアリー×ここなフェアリー🧚✨,2025-12-11,9000,556,17,2025-12-16
あみフェアリー × すーフェアリー🧚✨,2025-12-10,12049,668,19,2025-12-16
【ASMR】あなたの耳を癒します ♪  長谷川稀未がASMRに挑戦 !【睡眠導入】,2025-12-09,22377,1207,97,2025-12-16
ひとみんフェアリー🧚✨,2025-12-09,10408,626,15,2025-12-16
すーフェアリー🧚✨,2025-12-08,9756,604,23,2025-12-16
特典映像 「7thシングル発売記念！青空組 vs 雲組 セブンバトル」ダイジェスト,2025-12-06,12381,501,61,2025-12-16
【#14】僕青青春学園！放課後は楽しまナイト！【12月5日放送アーカイブ】,2025-12-06,18405,563,48,2025-12-16
ここなフェアリー 🧚✨,2025-12-04,14275,635,19,2025-12-16
あみフェアリー🧚 ✨,2025-12-03,21217,864,25,2025-12-16
僕が見たかった青空 / 「虹を架けよう」LIVE ver.（「あれはフェアリー」＜僕青LIVE盤＞収録）,2025-12-02,10077,562,31,2025-12-16
僕が見たかった青空 /「青空について考える」2025 パフォーマンスビデオ,2025-11-30,52426,2259,328,2025-12-16
『僕青クリスマス2025』 クリスマススペシャルメニュー試作品を作ってみた！🎄🧑🏻‍🎄 【チキンライス】,2025-11-29,12177,636,96,2025-12-16
【#13】僕青青春学園！放課後は楽しまナイト！【11月28日放送アーカイブ】,2025-11-29,16504,504,70,2025-12-16
僕が見たかった青空 / 「視線のラブレター」LIVE ver.（「あれはフェアリー」＜僕青LIVE盤＞収録）,2025-11-27,13327,648,44,2025-12-16
7th SINGLE 雲組楽曲「カイロに月」🌙  Music Video 公開中！✨,2025-11-24,19170,795,19,2025-12-16
僕が見たかった青空 雲組単独公演 #23 【ダイジェスト】,2025-11-24,8476,457,41,2025-12-16
【#1】アイドルが転校したら、青春を見つけてしまった...,2025-12-16,12965,643,84,2025-12-17
7th SINGLE「あれはフェアリー」収録内容ダイジェスト,2025-12-16,4564,352,19,2025-12-17
僕が見たかった青空 / 「あれはフェアリー」Official Dance Practice 【4K】,2025-12-15,11411,786,103,2025-12-17
【ダイジェスト】7th SINGLE「あれはフェアリー」僕青全国フリーライブ 【大阪】,2025-12-14,13944,855,75,2025-12-17
【#15】僕青青春学園！放課後は楽しまナイト！【12月12日放送アーカイブ】,2025-12-13,15976,484,49,2025-12-17
【#1】私にはアイドルしかなかった。【金澤亜美ドキュメンタリー】,2025-12-12,15469,833,85,2025-12-17
すーフェアリー×ここなフェアリー🧚✨,2025-12-11,9362,571,17,2025-12-17
あみフェアリー × すーフェアリー🧚✨,2025-12-10,12384,673,19,2025-12-17
【ASMR】あなたの耳を癒します ♪  長谷川稀未がASMRに挑戦 !【睡眠導入】,2025-12-09,23452,1225,102,2025-12-17
ひとみんフェアリー🧚✨,2025-12-09,10568,631,15,2025-12-17
すーフェアリー🧚✨,2025-12-08,9852,607,23,2025-12-17
特典映像 「7thシングル発売記念！青空組 vs 雲組 セブンバトル」ダイジェスト,2025-12-06,12550,505,62,2025-12-17
【#14】僕青青春学園！放課後は楽しまナイト！【12月5日放送アーカイブ】,2025-12-06,18679,564,48,2025-12-17
ここなフェアリー 🧚✨,2025-12-04,14351,638,19,2025-12-17
あみフェアリー🧚 ✨,2025-12-03,21335,868,25,2025-12-17
僕が見たかった青空 / 「虹を架けよう」LIVE ver.（「あれはフェアリー」＜僕青LIVE盤＞収録）,2025-12-02,10234,564,31,2025-12-17
僕が見たかった青空 /「青空について考える」2025 パフォーマンスビデオ,2025-11-30,53349,2264,329,2025-12-17
『僕青クリスマス2025』 クリスマススペシャルメニュー試作品を作ってみた！🎄🧑🏻‍🎄 【チキンライス】,2025-11-29,12306,635,96,2025-12-17
【#13】僕青青春学園！放課後は楽しまナイト！【11月28日放送アーカイブ】,2025-11-29,16643,504,70,2025-12-17
僕が見たかった青空 / 「視線のラブレター」LIVE ver.（「あれはフェアリー」＜僕青LIVE盤＞収録）,2025-11-27,13510,648,45,2025-12-17
